WeightedSample,PercentOverLimit,RoadClass,F85thPercentileSpeed,SampleSize_avg,AnalysisStatus,RankedPercentile,MedianSpeed,region,OBJECTID,segment_id,SpeedLimit,LandUse,road_name,Shape_Length,safe_system_limit,vru_risk_score,speed_safety_score,limit_gap,operating_gap,priority_class,priority_colour,score_explanation,reliability_tier,reliability_colour,imputed_speed_safety_score,imputed_vru_risk_score,imputed_limit_gap,imputed_operating_gap,centroid_lat,centroid_lon,log_weighted_sample,log_sample_size
44631.0,0.1,primary,111.0,6234.0,Valid,46.47,90.0,Thailand,1,1,100.0,RURAL,,5506.03,70,0.23819046370599037,0.6543,30.0,41.0,Critical — Immediate Review,#d32f2f,Posted limit (100 km/h) exceeds Safe System recommendation (70 km/h) for this primary in a RURAL area by 30 km/h. 85% of vehicles travel at 111 km/h — 41 km/h above the survivable impact speed (70 km/h) for this road context.,High,#1b5e20,,,,,1610340.9094794036,11026116.286969526,10.706206369525365,8.737933858114136
27980.0,0.6117,trunk,36.4,6920.0,Valid,1.7,31.1,Thailand,2,2,40.0,RURAL,,4619.1,80,0.030239409418631003,0.0101,-40.0,-43.6,Low — Monitor,#388e3c,Speed limit is broadly consistent with Safe System principles.,High,#1b5e20,,,,,1589941.0885826724,11092641.19350848,10.239280987394974,8.842315546841863
31240.0,0.0465,secondary,53.4,1767.0,Valid,61.15,45.3,Thailand,3,3,50.0,URBAN,,4958.46,30,0.5108254524090337,0.5449,20.0,23.4,High — Priority Review,#f57c00,Posted limit (50 km/h) exceeds Safe System recommendation (30 km/h) for this secondary in a URBAN area by 20 km/h. 85% of vehicles travel at 53 km/h — 23 km/h above the survivable impact speed (30 km/h) for this road context.,Medium,#f57f17,,,,,1317977.6160010318,11168028.516178984,10.349486613684583,7.477604243197589
45474.0,0.122,trunk,68.1,6735.0,Valid,50.02,55.1,Thailand,4,4,70.0,URBAN,,4524.98,50,0.24290713235727887,0.4215,20.0,18.099999999999994,Moderate — Scheduled Review,#fbc02d,Posted limit (70 km/h) exceeds Safe System recommendation (50 km/h) for this trunk in a URBAN area by 20 km/h. 85% of vehicles travel at 68 km/h — 18 km/h above the survivable impact speed (50 km/h) for this road context.,High,#1b5e20,,,,,1491397.9082884998,11040396.637092602,10.724918003386323,8.815221555922163
37565.0,0.8423,trunk,89.1,8489.0,Valid,45.53,63.1,Thailand,5,5,80.0,RURAL,,6541.62,80,0.11496396661474927,0.1653,0.0,9.099999999999994,Low — Monitor,#388e3c,85% of vehicles travel at 89 km/h — 9 km/h above the survivable impact speed (80 km/h) for this road context.,High,#1b5e20,,,,,1582366.375743125,11365764.884378523,10.533854664973365,9.046644279305394
12685.0,0.2713,primary,133.6,8392.0,Valid,83.05,106.5,Thailand,6,6,110.0,RURAL,,3360.95,70,0.23970138676553904,0.7845,40.0,63.599999999999994,Critical — Immediate Review,#d32f2f,Posted limit (110 km/h) exceeds Safe System recommendation (70 km/h) for this primary in a RURAL area by 40 km/h. 85% of vehicles travel at 134 km/h — 64 km/h above the survivable impact speed (70 km/h) for this road context.,High,#1b5e20,,,,,1587752.2293137377,11393529.977448314,9.448254302193842,9.035153304082828
22502.0,0.2935,motorway,134.5,5963.0,Valid,2.39,107.5,Thailand,7,7,110.0,URBAN,,5605.51,100,0.04994210565411952,0.3498,10.0,34.5,Moderate — Scheduled Review,#fbc02d,Posted limit (110 km/h) exceeds Safe System recommendation (100 km/h) for this motorway in a URBAN area by 10 km/h. 85% of vehicles travel at 134 km/h — 34 km/h above the survivable impact speed (100 km/h) for this road context.,High,#1b5e20,,,,,1642538.262826538,11281227.725302877,10.021403912637746,8.69349667588463
35722.0,0.3309,primary,132.0,8892.0,Valid,7.29,113.0,Thailand,8,8,110.0,RURAL,,2698.13,70,0.23966066788500942,0.6709,40.0,62.0,Critical — Immediate Review,#d32f2f,Posted limit (110 km/h) exceeds Safe System recommendation (70 km/h) for this primary in a RURAL area by 40 km/h. 85% of vehicles travel at 132 km/h — 62 km/h above the survivable impact speed (70 km/h) for this road context.,High,#1b5e20,,,,,1614680.729748047,11263298.274971548,10.48355001802591,9.09301972939964
706.0,0.236,primary,44.2,4340.0,Valid,26.35,38.9,Thailand,9,9,50.0,URBAN,,6781.98,50,0.2316224056251621,0.0974,0.0,-5.799999999999997,Low — Monitor,#388e3c,Speed limit is broadly consistent with Safe System principles.,Medium,#f57f17,,,,,1320482.025701497,11153161.970630951,6.561030665896573,8.375860015299594
34327.0,0.2493,primary,69.7,6519.0,Valid,41.63,64.6,Thailand,10,10,60.0,URBAN,,4744.48,50,0.4971823645414604,0.4095,10.0,19.700000000000003,Moderate — Scheduled Review,#fbc02d,Posted limit (60 km/h) exceeds Safe System recommendation (50 km/h) for this primary in a URBAN area by 10 km/h. 85% of vehicles travel at 70 km/h — 20 km/h above the survivable impact speed (50 km/h) for this road context.,High,#1b5e20,,,,,1587354.5151239699,11385885.928583995,10.44371662667136,8.782629654920699
10730.0,0.8833,trunk,103.7,4127.0,Valid,33.11,83.4,Thailand,11,11,110.0,URBAN,,5277.8,50,0.29596804451303066,0.7237,60.0,53.7,Critical — Immediate Review,#d32f2f,Posted limit (110 km/h) exceeds Safe System recommendation (50 km/h) for this trunk in a URBAN area by 60 km/h. 85% of vehicles travel at 104 km/h — 54 km/h above the survivable impact speed (50 km/h) for this road context.,Medium,#f57f17,,,,,1454981.227377263,11361809.110924643,9.280892027927127,8.325548307161398
4248.0,0.5107,trunk,62.3,9974.0,Valid,42.32,43.7,Thailand,12,12,60.0,URBAN,,4650.13,50,0.21837035470791924,0.2853,10.0,12.299999999999997,Moderate — Scheduled Review,#fbc02d,Posted limit (60 km/h) exceeds Safe System recommendation (50 km/h) for this trunk in a URBAN area by 10 km/h. 85% of vehicles travel at 62 km/h — 12 km/h above the survivable impact speed (50 km/h) for this road context.,High,#1b5e20,,,,,1432447.4977565845,11271872.158661965,8.354438940114811,9.207837241758064
44917.0,0.2539,secondary,114.6,5732.0,Valid,25.44,82.1,Thailand,13,13,100.0,RURAL,,6101.33,70,0.35796107187122794,0.6527,30.0,44.599999999999994,Critical — Immediate Review,#d32f2f,Posted limit (100 km/h) exceeds Safe System recommendation (70 km/h) for this secondary in a RURAL area by 30 km/h. 85% of vehicles travel at 115 km/h — 45 km/h above the survivable impact speed (70 km/h) for this road context.,High,#1b5e20,,,,,1377669.1694236721,11284898.651514243,10.712593884263669,8.653994232908383
39059.0,0.2396,trunk,71.2,6355.0,Valid,15.34,66.0,Thailand,14,14,80.0,RURAL,,4872.3,80,0.1014013907479882,0.0484,0.0,-8.799999999999997,Low — Monitor,#388e3c,Speed limit is broadly consistent with Safe System principles.,High,#1b5e20,,,,,1581591.0768557454,11208827.991977591,10.57285420443067,8.757154527656606
23171.0,0.3988,motorway,82.9,3431.0,Valid,81.83,78.4,Thailand,15,15,80.0,URBAN,,6171.82,100,0.04664464327006713,0.1344,-20.0,-17.099999999999994,Low — Monitor,#388e3c,Speed limit is broadly consistent with Safe System principles.,Medium,#f57f17,,,,,1455181.0190687615,11335166.807017054,10.050699932216515,8.140898460607852
9180.0,0.3487,secondary,50.6,2486.0,Valid,10.52,45.6,Thailand,16,16,60.0,RURAL,,6299.91,70,0.18431917075105847,0.0619,-10.0,-19.4,Low — Monitor,#388e3c,Speed limit is broadly consistent with Safe System principles.,Medium,#f57f17,,,,,1485886.3313931995,11275060.019837154,9.1248914101437,7.818832443803404
31565.0,0.2579,secondary,107.3,6034.0,Valid,66.34,98.7,Thailand,17,17,110.0,URBAN,,6114.78,30,0.8909003803616349,0.9222,80.0,77.3,Critical — Immediate Review,#d32f2f,Posted limit (110 km/h) exceeds Safe System recommendation (30 km/h) for this secondary in a URBAN area by 80 km/h. 85% of vehicles travel at 107 km/h — 77 km/h above the survivable impact speed (30 km/h) for this road context. This segment has high VRU exposure. Vulnerable road users face elevated risk at current speeds.,High,#1b5e20,,,,,1550290.354871258,11400976.543824747,10.359835870958863,8.705331133531631
1654.0,0.3492,trunk,91.5,7658.0,Valid,72.87,71.8,Thailand,18,18,70.0,RURAL,,5805.17,80,0.11581303097619157,0.2245,-10.0,11.5,Low — Monitor,#388e3c,85% of vehicles travel at 92 km/h — 12 km/h above the survivable impact speed (80 km/h) for this road context.,High,#1b5e20,,,,,1498097.6129614466,11348430.498137513,7.411556287811163,8.943636705909594
47440.0,0.1015,motorway,81.4,8945.0,Valid,66.69,57.2,Thailand,19,19,60.0,RURAL,,594.35,110,0.018499575891648933,0.1047,-50.0,-28.599999999999994,Low — Monitor,#388e3c,Speed limit is broadly consistent with Safe System principles.,High,#1b5e20,,,,,1450465.6324378024,11091313.522989403,10.767242112707454,9.098961783992793
46714.0,0.1788,motorway,74.9,7444.0,Valid,37.28,61.7,Thailand,20,20,60.0,URBAN,,482.23,100,0.043997728359142466,0.0669,-40.0,-25.099999999999994,Low — Monitor,#388e3c,Speed limit is broadly consistent with Safe System principles.,High,#1b5e20,,,,,1452042.6034358717,11286225.28201878,10.751820591227055,8.915297945118109
48904.0,0.9061,trunk,78.5,3936.0,Valid,44.01,64.5,Thailand,21,21,80.0,URBAN,,3383.82,50,0.2721621140648529,0.5728,30.0,28.5,High — Priority Review,#f57c00,Posted limit (80 km/h) exceeds Safe System recommendation (50 km/h) for this trunk in a URBAN area by 30 km/h. 85% of vehicles travel at 78 km/h — 28 km/h above the survivable impact speed (50 km/h) for this road context.,Medium,#f57f17,,,,,1573342.1326564157,11188741.41784487,10.797634919724594,8.278174290943738
36712.0,0.9405,motorway,60.0,8179.0,Valid,95.44,44.7,Thailand,22,22,50.0,RURAL,,5368.54,110,0.013799489622552253,0.1466,-60.0,-50.0,Low — Monitor,#388e3c,Speed limit is broadly consistent with Safe System principles.,High,#1b5e20,,,,,1652626.3160007582,11360892.048212944,10.510886194753596,9.009447429596793
20278.0,0.3851,trunk,74.3,9831.0,Valid,85.26,57.5,Thailand,23,23,50.0,URBAN,,5307.83,50,0.262437278325288,0.3757,0.0,24.299999999999997,Moderate — Scheduled Review,#fbc02d,85% of vehicles travel at 74 km/h — 24 km/h above the survivable impact speed (50 km/h) for this road context.,High,#1b5e20,,,,,1566990.4859976335,11042868.854522776,9.917341146824663,9.19339765124587
34677.0,0.1401,secondary,97.3,4514.0,Valid,52.31,92.2,Thailand,24,24,100.0,RURAL,,4652.58,70,0.35199851650694625,0.5962,30.0,27.299999999999997,High — Priority Review,#f57c00,Posted limit (100 km/h) exceeds Safe System recommendation (70 km/h) for this secondary in a RURAL area by 30 km/h. 85% of vehicles travel at 97 km/h — 27 km/h above the survivable impact speed (70 km/h) for this road context.,Medium,#f57f17,,,,,1701318.4035466386,11106572.034040084,10.453860759104618,8.415160465851086
24876.0,0.9132,primary,94.7,2341.0,Valid,51.62,86.8,Thailand,25,25,90.0,URBAN,,4898.42,50,0.5836647275899421,0.8233,40.0,44.7,Critical — Immediate Review,#d32f2f,Posted limit (90 km/h) exceeds Safe System recommendation (50 km/h) for this primary in a URBAN area by 40 km/h. 85% of vehicles travel at 95 km/h — 45 km/h above the survivable impact speed (50 km/h) for this road context.,Medium,#f57f17,,,,,1399465.3349353336,11242169.257381547,10.121698960804775,7.758760544157663
23177.0,0.0359,trunk,51.8,6419.0,Valid,47.09,43.8,Thailand,26,26,50.0,RURAL,,6260.61,80,0.06431255048692906,0.0867,-30.0,-28.200000000000003,Low — Monitor,#388e3c,Speed limit is broadly consistent with Safe System principles.,High,#1b5e20,,,,,1327292.236420338,11225479.765776383,10.050958831894336,8.767173396684006
1376.0,0.9653,trunk,78.3,3624.0,Valid,46.27,60.1,Thailand,27,27,70.0,URBAN,,4584.63,50,0.2717553972334332,0.4996,20.0,28.299999999999997,High — Priority Review,#f57c00,Posted limit (70 km/h) exceeds Safe System recommendation (50 km/h) for this trunk in a URBAN area by 20 km/h. 85% of vehicles travel at 78 km/h — 28 km/h above the survivable impact speed (50 km/h) for this road context.,Medium,#f57f17,,,,,1497154.2949384348,11052633.468641683,7.227662498728655,8.195609567288775
38445.0,0.3988,secondary,48.1,2193.0,Valid,43.92,34.1,Thailand,28,28,40.0,URBAN,,6346.7,30,0.41586569462331596,0.3806,10.0,18.1,Moderate — Scheduled Review,#fbc02d,Posted limit (40 km/h) exceeds Safe System recommendation (30 km/h) for this secondary in a URBAN area by 10 km/h. 85% of vehicles travel at 48 km/h — 18 km/h above the survivable impact speed (30 km/h) for this road context.,Medium,#f57f17,,,,,1325025.6216847822,11002479.830116376,10.557009938312806,7.693481640835175
20556.0,0.2398,motorway,62.0,1012.0,Valid,10.29,50.3,Thailand,29,29,70.0,RURAL,,5697.85,110,0.0144624361024878,0.0191,-40.0,-48.0,Low — Monitor,#388e3c,Speed limit is broadly consistent with Safe System principles.,Medium,#f57f17,,,,,1440502.9710549035,11261472.954905687,9.930956794525674,6.920671504248683
19628.0,0.356,primary,95.6,8630.0,Valid,76.03,72.8,Thailand,30,30,80.0,URBAN,,4967.46,50,0.5847707207702191,0.7852,30.0,45.599999999999994,Critical — Immediate Review,#d32f2f,Posted limit (80 km/h) exceeds Safe System recommendation (50 km/h) for this primary in a URBAN area by 30 km/h. 85% of vehicles travel at 96 km/h — 46 km/h above the survivable impact speed (50 km/h) for this road context.,High,#1b5e20,,,,,1352283.381122106,11114942.412912825,9.884763343537848,9.063115652219658
37720.0,0.4735,trunk,76.6,7117.0,Valid,18.15,63.0,Thailand,31,31,70.0,RURAL,,5265.18,80,0.10723139904030814,0.054,-10.0,-3.4000000000000057,Low — Monitor,#388e3c,Speed limit is broadly consistent with Safe System principles.,High,#1b5e20,,,,,1590359.8316378046,11143167.147405945,10.537972247530657,8.870382066070137
39146.0,0.1629,primary,57.6,9707.0,Valid,7.99,49.8,Thailand,32,32,50.0,RURAL,,3667.65,70,0.1553962656397238,0.0508,-20.0,-12.399999999999999,Low — Monitor,#388e3c,Speed limit is broadly consistent with Safe System principles.,High,#1b5e20,,,,,1710396.6210805324,11386183.489978785,10.575079070130357,9.180705566846491
32820.0,0.8206,secondary,62.5,4500.0,Valid,62.97,56.4,Thailand,33,33,50.0,RURAL,,5852.48,70,0.2631810883068018,0.1603,-20.0,-7.5,Low — Monitor,#388e3c,Speed limit is broadly consistent with Safe System principles.,Medium,#f57f17,,,,,1723783.6964749766,11391273.600819655,10.398823833405986,8.412054873292933
49549.0,0.0712,primary,31.4,9445.0,Valid,32.58,27.3,Thailand,34,34,40.0,RURAL,,2656.65,70,0.04421330550168748,0.0599,-30.0,-38.6,Low — Monitor,#388e3c,Speed limit is broadly consistent with Safe System principles.,High,#1b5e20,,,,,1466850.8126633177,11267145.42116555,10.810737539758135,9.153346650456063
44925.0,0.4179,trunk,52.0,912.0,Valid,96.79,36.9,Thailand,35,35,40.0,URBAN,,2705.88,50,0.1619744653666697,0.2007,-10.0,2.0,Low — Monitor,#388e3c,85% of vehicles travel at 52 km/h — 2 km/h above the survivable impact speed (50 km/h) for this road context.,Low (imputed),#b71c1c,0.5443591395164531,0.2700841049124482,25.559511195605047,30.100411360536683,1572571.8463630355,11153954.716044217,10.712771970725116,6.816735880594968
6144.0,0.8584,secondary,47.2,7306.0,Valid,43.47,44.0,Thailand,36,36,30.0,RURAL,,1409.68,70,0.15992387485465412,0.1052,-40.0,-22.799999999999997,Low — Monitor,#388e3c,Speed limit is broadly consistent with Safe System principles.,High,#1b5e20,,,,,1420305.2877688734,11293754.351016903,8.723394022000136,8.896588071791218
24966.0,0.0535,secondary,111.2,1198.0,Valid,95.9,80.6,Thailand,37,37,110.0,RURAL,,7069.25,70,0.3573284591258763,0.8332,40.0,41.2,Critical — Immediate Review,#d32f2f,Posted limit (110 km/h) exceeds Safe System recommendation (70 km/h) for this secondary in a RURAL area by 40 km/h. 85% of vehicles travel at 111 km/h — 41 km/h above the survivable impact speed (70 km/h) for this road context.,Medium,#f57f17,,,,,1459707.8149409778,11008122.822091492,10.125310231882922,7.089243155027514
1667.0,0.6725,primary,63.2,4991.0,Valid,75.49,49.4,Thailand,38,38,70.0,RURAL,,4911.49,70,0.17806209560406583,0.1578,0.0,-6.799999999999997,Low — Monitor,#388e3c,Speed limit is broadly consistent with Safe System principles.,Medium,#f57f17,,,,,1350568.6997614906,11316538.345003562,7.419380582918692,8.515591910049263
24125.0,0.1171,primary,85.8,9424.0,Valid,15.16,67.6,Thailand,39,39,70.0,RURAL,,3845.66,70,0.227049087627253,0.198,0.0,15.799999999999997,Low — Monitor,#388e3c,85% of vehicles travel at 86 km/h — 16 km/h above the survivable impact speed (70 km/h) for this road context.,High,#1b5e20,,,,,1708082.3897051741,11339535.387620602,10.09104537612533,9.151121012316212
28795.0,0.5133,secondary,128.8,3181.0,Valid,24.09,94.9,Thailand,40,40,110.0,RURAL,,6058.15,70,0.35934277133193143,0.726,40.0,58.80000000000001,Critical — Immediate Review,#d32f2f,Posted limit (110 km/h) exceeds Safe System recommendation (70 km/h) for this secondary in a RURAL area by 40 km/h. 85% of vehicles travel at 129 km/h — 59 km/h above the survivable impact speed (70 km/h) for this road context.,Medium,#f57f17,,,,,1483154.9981277161,11133365.415174277,10.267991767589194,8.065265208897733
25789.0,0.7771,motorway,62.3,7919.0,Valid,56.28,44.9,Thailand,41,41,60.0,URBAN,,5424.59,100,0.03639505911798654,0.0935,-40.0,-37.7,Low — Monitor,#388e3c,Speed limit is broadly consistent with Safe System principles.,High,#1b5e20,,,,,1359409.0753786,11368508.429163683,10.15774209887539,8.977146484808472
1004.0,0.746,secondary,54.2,9586.0,Valid,58.75,46.7,Thailand,42,42,60.0,RURAL,,5114.01,70,0.20995867767025203,0.1406,-10.0,-15.799999999999997,Low — Monitor,#388e3c,Speed limit is broadly consistent with Safe System principles.,High,#1b5e20,,,,,1440205.8778315545,11133943.064604124,6.912742820493176,9.168163293076997
6690.0,0.6954,trunk,61.5,5848.0,Valid,8.47,47.0,Thailand,43,43,70.0,RURAL,,1503.12,80,0.08580505268411877,0.0342,-10.0,-18.5,Low — Monitor,#388e3c,Speed limit is broadly consistent with Safe System principles.,High,#1b5e20,,,,,1630421.5547117356,11244974.163474131,8.808518618782816,8.674025985443025
1167.0,0.8903,trunk,81.6,1853.0,Valid,46.11,76.5,Thailand,44,44,90.0,URBAN,,2048.2,50,0.27782446830174656,0.6756,40.0,31.599999999999994,Critical — Immediate Review,#d32f2f,Posted limit (90 km/h) exceeds Safe System recommendation (50 km/h) for this trunk in a URBAN area by 40 km/h. 85% of vehicles travel at 82 km/h — 32 km/h above the survivable impact speed (50 km/h) for this road context.,Medium,#f57f17,,,,,1388203.0744364336,11115249.227351025,7.0630481633881725,7.5251007461258
36047.0,0.0323,secondary,94.1,4275.0,Valid,28.7,76.5,Thailand,45,45,70.0,RURAL,,6785.31,70,0.3497306544296781,0.3112,0.0,24.099999999999994,Moderate — Scheduled Review,#fbc02d,85% of vehicles travel at 94 km/h — 24 km/h above the survivable impact speed (70 km/h) for this road context.,Medium,#f57f17,,,,,1374716.453576536,11083262.452405695,10.492606662672026,8.360773272144936
1515.0,0.8661,primary,81.5,509.0,Valid,5.48,76.0,Thailand,46,46,70.0,RURAL,,6656.73,70,0.22212769316015327,0.15,0.0,11.5,Low — Monitor,#388e3c,85% of vehicles travel at 82 km/h — 12 km/h above the survivable impact speed (70 km/h) for this road context.,Low (imputed),#b71c1c,0.36576894035439456,0.16043211709186536,2.9564334021786687,10.706596744805598,1680527.6277041575,11135312.850879744,7.323830566202317,6.234410725718371
9202.0,0.0635,motorway,133.9,7438.0,Valid,4.65,112.8,Thailand,47,47,110.0,RURAL,,5334.12,110,0.01997570496369222,0.1912,0.0,23.900000000000006,Low — Monitor,#388e3c,85% of vehicles travel at 134 km/h — 24 km/h above the survivable impact speed (110 km/h) for this road context.,High,#1b5e20,,,,,1339011.3438371173,11088742.02270415,9.127284796838858,8.914491710191342
13956.0,0.9448,primary,102.0,7690.0,Valid,85.12,91.0,Thailand,48,48,80.0,URBAN,,3723.49,50,0.5907793766608347,0.8004,30.0,52.0,Critical — Immediate Review,#d32f2f,Posted limit (80 km/h) exceeds Safe System recommendation (50 km/h) for this primary in a URBAN area by 30 km/h. 85% of vehicles travel at 102 km/h — 52 km/h above the survivable impact speed (50 km/h) for this road context.,High,#1b5e20,,,,,1403682.0752021107,11070936.141175795,9.543736453508645,8.947806093057054
43625.0,0.0222,secondary,43.5,3919.0,Valid,50.32,33.4,Thailand,49,49,30.0,RURAL,,6270.27,70,0.1342268041272496,0.109,-40.0,-26.5,Low — Monitor,#388e3c,Speed limit is broadly consistent with Safe System principles.,Medium,#f57f17,,,,,1454535.4787644914,11336922.241819564,10.683408581878112,8.273846932784508
37941.0,0.7551,trunk,120.6,3314.0,Valid,62.41,85.3,Thailand,50,50,110.0,RURAL,,5489.68,80,0.11957853840441335,0.6485,30.0,40.599999999999994,High — Priority Review,#f57c00,Posted limit (110 km/h) exceeds Safe System recommendation (80 km/h) for this trunk in a RURAL area by 30 km/h. 85% of vehicles travel at 121 km/h — 41 km/h above the survivable impact speed (80 km/h) for this road context.,Medium,#f57f17,,,,,1728026.1901912466,11324091.179789789,10.54381395691249,8.106212902619962
32203.0,0.7264,trunk,43.7,7502.0,Valid,55.2,31.6,Maharashtra,51,51,40.0,RURAL,,2209.41,80,0.04519213385164617,0.0941,-40.0,-36.3,Low — Monitor,#388e3c,Speed limit is broadly consistent with Safe System principles.,High,#1b5e20,,,,,1448506.2407790762,11370514.009179836,10.379845947419872,8.923058219545728
14888.0,0.4591,motorway,119.5,3332.0,Valid,98.02,91.3,Maharashtra,52,52,100.0,RURAL,,1968.38,110,0.019923319597770058,0.2233,-10.0,9.5,Low — Monitor,#388e3c,85% of vehicles travel at 120 km/h — 10 km/h above the survivable impact speed (110 km/h) for this road context.,Medium,#f57f17,,,,,1405926.5725438762,11120108.707438437,9.608377964255551,8.11162807830774
43179.0,0.6977,primary,84.5,6738.0,Valid,18.83,67.6,Maharashtra,53,53,90.0,URBAN,,5254.25,50,0.564285380414099,0.7281,40.0,34.5,Critical — Immediate Review,#d32f2f,Posted limit (90 km/h) exceeds Safe System recommendation (50 km/h) for this primary in a URBAN area by 40 km/h. 85% of vehicles travel at 84 km/h — 34 km/h above the survivable impact speed (50 km/h) for this road context.,High,#1b5e20,,,,,1714674.4407061622,11148358.31367739,10.673132704068799,8.815666824946216
40249.0,0.3476,motorway,41.4,5624.0,Valid,4.15,32.6,Maharashtra,54,54,50.0,RURAL,,3591.03,110,0.006689562615758811,0.0079,-60.0,-68.6,Low — Monitor,#388e3c,Speed limit is broadly consistent with Safe System principles.,High,#1b5e20,,,,,1521073.763893032,11017051.799060224,10.60286528284671,8.63497622707262
19762.0,0.0818,trunk,103.2,6690.0,Valid,87.48,88.5,Maharashtra,55,55,110.0,RURAL,,6162.97,80,0.11832231910768978,0.5598,30.0,23.200000000000003,High — Priority Review,#f57c00,Posted limit (110 km/h) exceeds Safe System recommendation (80 km/h) for this trunk in a RURAL area by 30 km/h. 85% of vehicles travel at 103 km/h — 23 km/h above the survivable impact speed (80 km/h) for this road context.,High,#1b5e20,,,,,1310403.806849746,11135016.923858922,9.891566781640435,8.808518618782816
2625.0,0.2361,primary,57.3,1138.0,Valid,76.24,53.4,Maharashtra,56,56,60.0,URBAN,,5830.93,50,0.3851923715973836,0.3404,10.0,7.299999999999997,Moderate — Scheduled Review,#fbc02d,Posted limit (60 km/h) exceeds Safe System recommendation (50 km/h) for this primary in a URBAN area by 10 km/h. 85% of vehicles travel at 57 km/h — 7 km/h above the survivable impact speed (50 km/h) for this road context.,Medium,#f57f17,,,,,1652061.6583555248,11168347.54993755,7.873217054862741,7.037905963447182
35174.0,0.8672,primary,97.9,6370.0,Valid,36.06,69.3,Maharashtra,57,57,90.0,URBAN,,5498.6,50,0.5872759386900958,0.8009,40.0,47.900000000000006,Critical — Immediate Review,#d32f2f,Posted limit (90 km/h) exceeds Safe System recommendation (50 km/h) for this primary in a URBAN area by 40 km/h. 85% of vehicles travel at 98 km/h — 48 km/h above the survivable impact speed (50 km/h) for this road context.,High,#1b5e20,,,,,1431524.4940924626,11072253.5819017,10.46809088198259,8.759511722116489
43063.0,0.8905,motorway,83.1,625.0,Valid,59.77,60.7,Maharashtra,58,58,90.0,URBAN,,961.7,100,0.046694380726830784,0.1013,-10.0,-16.900000000000006,Low — Monitor,#388e3c,Speed limit is broadly consistent with Safe System principles.,Low (imputed),#b71c1c,0.13412916753617504,0.03567458403644989,-28.759219019429327,-21.162643996939554,1608600.125239,11122976.318513867,10.670442660240793,6.439350371100098
48947.0,0.2838,trunk,110.5,7391.0,Valid,36.95,80.9,Maharashtra,59,59,100.0,RURAL,,5526.48,80,0.1190585972363453,0.4639,20.0,30.5,High — Priority Review,#f57c00,Posted limit (100 km/h) exceeds Safe System recommendation (80 km/h) for this trunk in a RURAL area by 20 km/h. 85% of vehicles travel at 110 km/h — 30 km/h above the survivable impact speed (80 km/h) for this road context.,High,#1b5e20,,,,,1474551.3007107999,11221832.775551751,10.79851378910556,8.90815361332152
11089.0,0.1607,motorway,77.9,2105.0,Valid,19.47,59.3,Maharashtra,60,60,80.0,URBAN,,4667.34,100,0.04515432713308494,0.0405,-20.0,-22.099999999999994,Low — Monitor,#388e3c,Speed limit is broadly consistent with Safe System principles.,Medium,#f57f17,,,,,1722446.7717635934,11039832.876234036,9.313799080344413,7.652545692693921
42105.0,0.9695,secondary,84.9,505.0,Valid,86.69,67.9,Maharashtra,61,61,60.0,URBAN,,4336.6,30,0.8480177865869173,0.867,30.0,54.900000000000006,Critical — Immediate Review,#d32f2f,Posted limit (60 km/h) exceeds Safe System recommendation (30 km/h) for this secondary in a URBAN area by 30 km/h. 85% of vehicles travel at 85 km/h — 55 km/h above the survivable impact speed (30 km/h) for this road context. This segment has high VRU exposure. Vulnerable road users face elevated risk at current speeds.,Low (imputed),#b71c1c,0.9172537171473096,0.886322553326184,79.44164031003889,76.76417380976248,1537419.0010748224,11400386.397409415,10.647945527330501,6.226536669287466
26886.0,0.187,trunk,106.7,6816.0,Valid,33.04,95.2,Maharashtra,62,62,100.0,URBAN,,2323.98,50,0.29681923001745547,0.7238,50.0,56.7,Critical — Immediate Review,#d32f2f,Posted limit (100 km/h) exceeds Safe System recommendation (50 km/h) for this trunk in a URBAN area by 50 km/h. 85% of vehicles travel at 107 km/h — 57 km/h above the survivable impact speed (50 km/h) for this road context.,High,#1b5e20,,,,,1649512.2541223685,11053971.970190864,10.199398177401218,8.827174771362785
46245.0,0.3206,trunk,90.3,4734.0,Valid,59.79,84.3,Maharashtra,63,63,80.0,RURAL,,3355.03,80,0.11540730210297963,0.1958,0.0,10.299999999999997,Low — Monitor,#388e3c,85% of vehicles travel at 90 km/h — 10 km/h above the survivable impact speed (80 km/h) for this road context.,Medium,#f57f17,,,,,1560395.451220686,11167517.65903643,10.741730252713912,8.462737005620179
36758.0,0.4732,secondary,58.9,3332.0,Valid,61.0,43.0,Maharashtra,64,64,60.0,RURAL,,6333.42,70,0.24150345695738396,0.1519,-10.0,-11.100000000000001,Low — Monitor,#388e3c,Speed limit is broadly consistent with Safe System principles.,Medium,#f57f17,,,,,1740119.4349082557,11122153.413485507,10.512138372617557,8.11162807830774
6451.0,0.9264,trunk,124.7,3135.0,Valid,72.44,99.1,Maharashtra,65,65,100.0,URBAN,,4334.31,50,0.2992402404440287,0.7835,50.0,74.7,Critical — Immediate Review,#d32f2f,Posted limit (100 km/h) exceeds Safe System recommendation (50 km/h) for this trunk in a URBAN area by 50 km/h. 85% of vehicles travel at 125 km/h — 75 km/h above the survivable impact speed (50 km/h) for this road context.,Medium,#f57f17,,,,,1692282.1288953556,11314355.307097372,8.772145439245099,8.0507033814703
17949.0,0.9079,primary,88.5,8046.0,Valid,32.3,76.0,Maharashtra,66,66,70.0,URBAN,,1523.87,50,0.5736361107623152,0.6306,20.0,38.5,High — Priority Review,#f57c00,Posted limit (70 km/h) exceeds Safe System recommendation (50 km/h) for this primary in a URBAN area by 20 km/h. 85% of vehicles travel at 88 km/h — 38 km/h above the survivable impact speed (50 km/h) for this road context.,High,#1b5e20,,,,,1684618.9515664321,11139378.227678591,9.795345393916424,8.993054630146133
46058.0,0.2322,primary,88.9,5170.0,Valid,90.06,73.4,Maharashtra,67,67,80.0,URBAN,,3045.19,50,0.5744310170026654,0.7954,30.0,38.900000000000006,Critical — Immediate Review,#d32f2f,Posted limit (80 km/h) exceeds Safe System recommendation (50 km/h) for this primary in a URBAN area by 30 km/h. 85% of vehicles travel at 89 km/h — 39 km/h above the survivable impact speed (50 km/h) for this road context.,High,#1b5e20,,,,,1342137.2476844615,11200286.020616364,10.73767846232701,8.550821372396221
5908.0,0.1667,trunk,62.0,8635.0,Valid,87.98,54.1,Maharashtra,68,68,50.0,RURAL,,5021.06,80,0.08677461661492678,0.1537,-30.0,-18.0,Low — Monitor,#388e3c,Speed limit is broadly consistent with Safe System principles.,High,#1b5e20,,,,,1718969.6297100727,11204114.636334652,8.684231891345675,9.063694791634697
47214.0,0.5699,motorway,87.3,2836.0,Valid,76.48,61.8,Maharashtra,69,69,70.0,URBAN,,1404.71,100,0.047592302180657554,0.1266,-30.0,-12.700000000000003,Low — Monitor,#388e3c,Speed limit is broadly consistent with Safe System principles.,Medium,#f57f17,,,,,1357729.329354837,11301195.363108989,10.76246691769717,7.950502434808851
4256.0,0.4864,motorway,63.9,3728.0,Valid,41.49,53.4,Maharashtra,70,70,60.0,RURAL,,2204.44,110,0.015050035704277199,0.066,-50.0,-46.1,Low — Monitor,#388e3c,Speed limit is broadly consistent with Safe System principles.,Medium,#f57f17,,,,,1604835.2955829478,11286665.757644802,8.356319965828153,8.22389538017882
10880.0,0.9473,primary,88.9,6666.0,Valid,16.18,72.5,Maharashtra,71,71,70.0,URBAN,,3692.28,50,0.5744310170026654,0.6096,20.0,38.900000000000006,High — Priority Review,#f57c00,Posted limit (70 km/h) exceeds Safe System recommendation (50 km/h) for this primary in a URBAN area by 20 km/h. 85% of vehicles travel at 89 km/h — 39 km/h above the survivable impact speed (50 km/h) for this road context.,High,#1b5e20,,,,,1358740.1356986503,11025557.207372086,9.294773427951013,8.80492526261806
44909.0,0.1525,primary,82.2,4376.0,Valid,58.05,72.0,Maharashtra,72,72,60.0,RURAL,,5794.58,70,0.2230322200988326,0.2343,-10.0,12.200000000000003,Low — Monitor,#388e3c,85% of vehicles travel at 82 km/h — 12 km/h above the survivable impact speed (70 km/h) for this road context.,Medium,#f57f17,,,,,1348702.4357013472,10993456.334494686,10.712415766081783,8.384118837190895
36340.0,0.1863,primary,24.0,3976.0,Valid,83.91,17.8,Maharashtra,73,73,30.0,URBAN,,1511.05,50,0.06663358002684454,0.1425,-20.0,-26.0,Low — Monitor,#388e3c,Speed limit is broadly consistent with Safe System principles.,Medium,#f57f17,,,,,1547877.0365077842,11352823.560159607,10.500701859458179,8.28828304520769
34893.0,0.3335,motorway,107.2,6956.0,Valid,40.42,75.2,Maharashtra,74,74,110.0,URBAN,,3136.22,100,0.049490446460723946,0.202,10.0,7.200000000000003,Low — Monitor,#388e3c,Posted limit (110 km/h) exceeds Safe System recommendation (100 km/h) for this motorway in a URBAN area by 10 km/h. 85% of vehicles travel at 107 km/h — 7 km/h above the survivable impact speed (100 km/h) for this road context.,High,#1b5e20,,,,,1470846.1046259487,11373709.42384543,10.460070173639847,8.847503625923641
37648.0,0.0339,motorway,48.7,2490.0,Valid,31.84,36.1,Maharashtra,75,75,50.0,RURAL,,5701.35,110,0.009480468186948853,0.0501,-60.0,-61.3,Low — Monitor,#388e3c,Speed limit is broadly consistent with Safe System principles.,Medium,#f57f17,,,,,1601447.9401596137,11220782.93733343,10.536061672450339,7.820439515262181
21306.0,0.0853,primary,66.1,4743.0,Valid,99.69,53.1,Maharashtra,76,76,60.0,URBAN,,4250.52,50,0.47028508563111565,0.4629,10.0,16.099999999999994,High — Priority Review,#f57c00,Posted limit (60 km/h) exceeds Safe System recommendation (50 km/h) for this primary in a URBAN area by 10 km/h. 85% of vehicles travel at 66 km/h — 16 km/h above the survivable impact speed (50 km/h) for this road context.,Medium,#f57f17,,,,,1340451.1806432726,11231472.944567658,9.966790936205367,8.464635940677562
38758.0,0.5875,primary,21.3,8977.0,Valid,30.11,19.3,Maharashtra,77,77,30.0,RURAL,,1282.86,70,0.02194914756853435,0.0507,-40.0,-48.7,Low — Monitor,#388e3c,Speed limit is broadly consistent with Safe System principles.,High,#1b5e20,,,,,1550432.6855923505,11166479.659160811,10.565118265878281,9.102532419341877
47690.0,0.2723,trunk,56.4,8538.0,Valid,89.85,50.1,Maharashtra,78,78,60.0,URBAN,,4199.72,50,0.18758256119972616,0.3047,10.0,6.399999999999999,Moderate — Scheduled Review,#fbc02d,Posted limit (60 km/h) exceeds Safe System recommendation (50 km/h) for this trunk in a URBAN area by 10 km/h. 85% of vehicles travel at 56 km/h — 6 km/h above the survivable impact speed (50 km/h) for this road context.,High,#1b5e20,,,,,1695488.1778601008,11402909.116799075,10.772497979828982,9.052399183907607
24660.0,0.7999,motorway,48.1,9019.0,Valid,18.68,34.9,Maharashtra,79,79,50.0,URBAN,,6396.46,100,0.02310364970129533,0.0338,-50.0,-51.9,Low — Monitor,#388e3c,Speed limit is broadly consistent with Safe System principles.,High,#1b5e20,,,,,1644028.9104815288,11214565.071799174,10.11297832739655,9.10719961305667
4925.0,0.324,secondary,83.1,7112.0,Valid,9.61,66.6,Maharashtra,80,80,60.0,RURAL,,6334.35,70,0.3361995412331817,0.1967,-10.0,13.099999999999994,Low — Monitor,#388e3c,85% of vehicles travel at 83 km/h — 13 km/h above the survivable impact speed (70 km/h) for this road context.,High,#1b5e20,,,,,1404445.962007796,11000409.597891659,8.502282578680484,8.869679374733515
37834.0,0.2594,secondary,61.2,7352.0,Valid,38.59,48.1,Maharashtra,81,81,40.0,URBAN,,3491.67,30,0.6391141274742568,0.5267,10.0,31.200000000000003,High — Priority Review,#f57c00,Posted limit (40 km/h) exceeds Safe System recommendation (30 km/h) for this secondary in a URBAN area by 10 km/h. 85% of vehicles travel at 61 km/h — 31 km/h above the survivable impact speed (30 km/h) for this road context. This segment has high VRU exposure. Vulnerable road users face elevated risk at current speeds.,High,#1b5e20,,,,,1693385.1147423552,10979349.210026745,10.540989879128622,8.902863672196222
48785.0,0.7798,motorway,70.3,6119.0,Valid,12.31,66.3,Maharashtra,82,82,70.0,RURAL,,3430.35,110,0.016706920803812236,0.0226,-40.0,-39.7,Low — Monitor,#388e3c,Speed limit is broadly consistent with Safe System principles.,High,#1b5e20,,,,,1720852.218993418,11183681.201001197,10.795198665435892,8.719317375506371
41901.0,0.218,primary,119.0,8928.0,Valid,64.86,95.2,Maharashtra,83,83,110.0,URBAN,,4117.74,50,0.5976060809106035,0.8467,60.0,69.0,Critical — Immediate Review,#d32f2f,Posted limit (110 km/h) exceeds Safe System recommendation (50 km/h) for this primary in a URBAN area by 60 km/h. 85% of vehicles travel at 119 km/h — 69 km/h above the survivable impact speed (50 km/h) for this road context.,High,#1b5e20,,,,,1629460.8825755492,11366994.439803146,10.643088837467957,9.097059685517216
49256.0,0.4975,secondary,67.4,7684.0,Valid,72.3,54.0,Maharashtra,84,84,60.0,URBAN,,6077.78,30,0.7208202058341446,0.7942,30.0,37.400000000000006,Critical — Immediate Review,#d32f2f,Posted limit (60 km/h) exceeds Safe System recommendation (30 km/h) for this secondary in a URBAN area by 30 km/h. 85% of vehicles travel at 67 km/h — 37 km/h above the survivable impact speed (30 km/h) for this road context. This segment has high VRU exposure. Vulnerable road users face elevated risk at current speeds.,High,#1b5e20,,,,,1376023.0526539092,10972092.536901813,10.804806768480137,8.947025655972697
21109.0,0.7709,secondary,117.3,3469.0,Valid,42.78,94.0,Maharashtra,85,85,110.0,RURAL,,4770.38,70,0.35835535409898417,0.7538,40.0,47.3,Critical — Immediate Review,#d32f2f,Posted limit (110 km/h) exceeds Safe System recommendation (70 km/h) for this secondary in a RURAL area by 40 km/h. 85% of vehicles travel at 117 km/h — 47 km/h above the survivable impact speed (70 km/h) for this road context.,Medium,#f57f17,,,,,1649735.6669599,11036690.030894473,9.957502140842367,8.151909872940905
29269.0,0.7215,trunk,89.3,8179.0,Valid,61.43,82.9,Maharashtra,86,86,70.0,URBAN,,4055.5,50,0.2876014959128647,0.6088,20.0,39.3,High — Priority Review,#f57c00,Posted limit (70 km/h) exceeds Safe System recommendation (50 km/h) for this trunk in a URBAN area by 20 km/h. 85% of vehicles travel at 89 km/h — 39 km/h above the survivable impact speed (50 km/h) for this road context.,High,#1b5e20,,,,,1748686.299464956,11139557.494467067,10.284318379685931,9.009447429596793
40885.0,0.1547,trunk,55.7,7601.0,Valid,62.71,52.3,Maharashtra,87,87,60.0,RURAL,,2533.39,80,0.07344778044792737,0.1124,-20.0,-24.299999999999997,Low — Monitor,#388e3c,Speed limit is broadly consistent with Safe System principles.,High,#1b5e20,,,,,1345745.4743732333,11013705.788977928,10.618542985144954,8.936166649549195
23551.0,0.9677,primary,108.6,1752.0,Valid,1.52,76.1,Maharashtra,88,88,110.0,RURAL,,6140.73,70,0.2378109318435354,0.6512,40.0,38.599999999999994,Critical — Immediate Review,#d32f2f,Posted limit (110 km/h) exceeds Safe System recommendation (70 km/h) for this primary in a RURAL area by 40 km/h. 85% of vehicles travel at 109 km/h — 39 km/h above the survivable impact speed (70 km/h) for this road context.,Medium,#f57f17,,,,,1351190.9365649058,11128026.321461638,10.066966021528604,7.469083884921234
11844.0,0.8729,trunk,98.2,4607.0,Valid,73.49,82.1,Maharashtra,89,89,90.0,URBAN,,4769.17,50,0.2937857152011296,0.7837,40.0,48.2,Critical — Immediate Review,#d32f2f,Posted limit (90 km/h) exceeds Safe System recommendation (50 km/h) for this trunk in a URBAN area by 40 km/h. 85% of vehicles travel at 98 km/h — 48 km/h above the survivable impact speed (50 km/h) for this road context.,Medium,#f57f17,,,,,1626652.5908587766,11260255.172944684,9.379661116592885,8.435549202375727
22797.0,0.5883,motorway,133.0,8738.0,Valid,99.94,94.6,Maharashtra,90,90,110.0,RURAL,,5618.19,110,0.019973893576929466,0.3274,0.0,23.0,Moderate — Scheduled Review,#fbc02d,85% of vehicles travel at 133 km/h — 23 km/h above the survivable impact speed (110 km/h) for this road context.,High,#1b5e20,,,,,1732089.1751394055,11215269.293774497,10.034428091796723,9.075551045627543
37765.0,0.862,motorway,124.0,2000.0,Valid,84.61,101.5,Maharashtra,91,91,100.0,URBAN,,2243.66,100,0.04986609954068935,0.3194,0.0,24.0,Moderate — Scheduled Review,#fbc02d,85% of vehicles travel at 124 km/h — 24 km/h above the survivable impact speed (100 km/h) for this road context.,Medium,#f57f17,,,,,1605374.5553855347,11198434.274710871,10.539164505941523,7.601402334583733
29035.0,0.4045,secondary,61.0,3483.0,Valid,57.67,49.4,Maharashtra,92,92,40.0,RURAL,,2449.54,70,0.25445599959368437,0.1501,-30.0,-9.0,Low — Monitor,#388e3c,Speed limit is broadly consistent with Safe System principles.,Medium,#f57f17,,,,,1674129.04327755,11204184.608001899,10.276291718404732,8.155936337972394
30469.0,0.0002,secondary,30.9,3741.0,Valid,19.36,29.2,Maharashtra,93,93,40.0,URBAN,,5770.14,30,0.1604578483176326,0.1509,10.0,0.8999999999999986,Low — Monitor,#388e3c,Posted limit (40 km/h) exceeds Safe System recommendation (30 km/h) for this secondary in a URBAN area by 10 km/h. 85% of vehicles travel at 31 km/h — 1 km/h above the survivable impact speed (30 km/h) for this road context.,Medium,#f57f17,,,,,1676257.7464051468,11385887.483794574,10.324497871979755,8.227375506834035
25074.0,0.9841,trunk,76.8,771.0,Valid,77.06,70.5,Maharashtra,94,94,70.0,URBAN,,5205.98,50,0.2685320301103581,0.5337,20.0,26.799999999999997,High — Priority Review,#f57c00,Posted limit (70 km/h) exceeds Safe System recommendation (50 km/h) for this trunk in a URBAN area by 20 km/h. 85% of vehicles travel at 77 km/h — 27 km/h above the survivable impact speed (50 km/h) for this road context.,Low (imputed),#b71c1c,0.600815456753405,0.28099979802971914,28.028400007360208,39.34823935007508,1646693.7457874727,11151136.87112427,10.129626612830137,6.648984550024776
35900.0,0.0179,trunk,40.4,4888.0,Valid,98.78,28.7,Maharashtra,95,95,40.0,RURAL,,6560.86,80,0.03802942861653779,0.1577,-40.0,-39.6,Low — Monitor,#388e3c,Speed limit is broadly consistent with Safe System principles.,Medium,#f57f17,,,,,1492808.3894175678,11011622.981516594,10.488520429241627,8.494743062578646
30257.0,0.8842,motorway,63.1,5305.0,Valid,60.48,59.7,Maharashtra,96,96,70.0,URBAN,,6212.5,100,0.037019532969189445,0.1,-30.0,-36.9,Low — Monitor,#388e3c,Speed limit is broadly consistent with Safe System principles.,High,#1b5e20,,,,,1386104.6377785646,11240842.24918013,10.31751589130478,8.576593534697684
17820.0,0.0469,secondary,91.3,4064.0,Valid,39.02,66.6,Maharashtra,97,97,80.0,URBAN,,5182.23,30,0.8681092016531531,0.8756,50.0,61.3,Critical — Immediate Review,#d32f2f,Posted limit (80 km/h) exceeds Safe System recommendation (30 km/h) for this secondary in a URBAN area by 50 km/h. 85% of vehicles travel at 91 km/h — 61 km/h above the survivable impact speed (30 km/h) for this road context. This segment has high VRU exposure. Vulnerable road users face elevated risk at current speeds.,Medium,#f57f17,,,,,1665727.6429932942,11047152.493770953,9.7881328161731,8.310169021981912
25925.0,0.2602,primary,38.1,2413.0,Valid,52.01,31.7,Maharashtra,98,98,30.0,URBAN,,4652.52,50,0.16708967024913765,0.1198,-20.0,-11.899999999999999,Low — Monitor,#388e3c,Speed limit is broadly consistent with Safe System principles.,Medium,#f57f17,,,,,1380075.2767768428,11276650.405403398,10.163001605159987,7.789040401657477
44142.0,0.4574,secondary,120.8,2433.0,Valid,39.73,110.5,Maharashtra,99,99,110.0,URBAN,,6460.49,30,0.89688903754169,0.8838,80.0,90.8,Critical — Immediate Review,#d32f2f,Posted limit (110 km/h) exceeds Safe System recommendation (30 km/h) for this secondary in a URBAN area by 80 km/h. 85% of vehicles travel at 121 km/h — 91 km/h above the survivable impact speed (30 km/h) for this road context. This segment has high VRU exposure. Vulnerable road users face elevated risk at current speeds.,Medium,#f57f17,,,,,1720694.1116526672,11025176.128124885,10.695189643065287,7.797291273547472
22254.0,0.2526,motorway,122.6,1454.0,Valid,1.5,94.4,Maharashtra,100,100,100.0,URBAN,,5592.24,100,0.04985027813272083,0.1842,0.0,22.599999999999994,Low — Monitor,#388e3c,85% of vehicles travel at 123 km/h — 23 km/h above the survivable impact speed (100 km/h) for this road context.,Medium,#f57f17,,,,,1536327.6119107862,11284760.991783595,10.010321981449955,7.282761179605593
